{
  "cyclomatic_complexity": {
    "faulty_mean": 5.642857142857143,
    "non_faulty_mean": 1.020748987854251,
    "faulty_median": 5.0,
    "non_faulty_median": 1.0,
    "n_faulty": 14,
    "n_non_faulty": 1976,
    "u_statistic": 26725.0,
    "p_value": 2.5495069076402023e-11,
    "effect_r": -0.9321139386928861,
    "pb_correlation": 0.253477527870905,
    "pb_p_value": 1.5069429619761426e-30,
    "cliffs_delta": 0.9321139386928861,
    "cliffs_delta_ci_lower": 0.8980977082128399,
    "cliffs_delta_ci_upper": 0.9622975708502024,
    "significant": true,
    "dimension": "Complexity"
  },
  "cognitive_complexity": {
    "faulty_mean": 9.571428571428571,
    "non_faulty_mean": 0.6007085020242915,
    "faulty_median": 6.0,
    "non_faulty_median": 0.0,
    "n_faulty": 14,
    "n_non_faulty": 1976,
    "u_statistic": 26740.5,
    "p_value": 2.1073556359270541e-22,
    "effect_r": -0.9332345286292654,
    "pb_correlation": 0.25922446219039624,
    "pb_p_value": 6.413106580513516e-32,
    "cliffs_delta": 0.9332345286292655,
    "cliffs_delta_ci_lower": 0.8891673293811452,
    "cliffs_delta_ci_upper": 0.9692795691150954,
    "significant": true,
    "dimension": "Complexity"
  },
  "max_nesting_depth": {
    "faulty_mean": 1.9285714285714286,
    "non_faulty_mean": 0.284919028340081,
    "faulty_median": 2.0,
    "non_faulty_median": 0.0,
    "n_faulty": 14,
    "n_non_faulty": 1976,
    "u_statistic": 25867.5,
    "p_value": 1.3442297813145312e-15,
    "effect_r": -0.87012001156738,
    "pb_correlation": 0.20860108583910025,
    "pb_p_value": 5.285046540840204e-21,
    "cliffs_delta": 0.87012001156738,
    "cliffs_delta_ci_lower": 0.8075106636784268,
    "cliffs_delta_ci_upper": 0.9266971515326777,
    "significant": true,
    "dimension": "Complexity"
  },
  "return_point_count": {
    "faulty_mean": 2.7142857142857144,
    "non_faulty_mean": 0.5885627530364372,
    "faulty_median": 2.0,
    "non_faulty_median": 0.0,
    "n_faulty": 14,
    "n_non_faulty": 1976,
    "u_statistic": 24302.0,
    "p_value": 3.816584733840473e-08,
    "effect_r": -0.7569404279930596,
    "pb_correlation": 0.18567033737570132,
    "pb_p_value": 6.817858069861639e-17,
    "cliffs_delta": 0.7569404279930596,
    "cliffs_delta_ci_lower": 0.6340334008097166,
    "cliffs_delta_ci_upper": 0.8692940283400808,
    "significant": true,
    "dimension": "Complexity"
  },
  "loc": {
    "faulty_mean": 35.785714285714285,
    "non_faulty_mean": 6.02580971659919,
    "faulty_median": 25.0,
    "non_faulty_median": 3.0,
    "n_faulty": 14,
    "n_non_faulty": 1976,
    "u_statistic": 26391.5,
    "p_value": 2.018252073092649e-09,
    "effect_r": -0.9080031810294968,
    "pb_correlation": 0.2136483376771545,
    "pb_p_value": 5.62270513692045e-22,
    "cliffs_delta": 0.9080031810294968,
    "cliffs_delta_ci_lower": 0.859055089647195,
    "cliffs_delta_ci_upper": 0.9492146833429728,
    "significant": true,
    "dimension": "Size"
  },
  "statement_count": {
    "faulty_mean": 18.428571428571427,
    "non_faulty_mean": 2.5455465587044532,
    "faulty_median": 13.5,
    "non_faulty_median": 1.0,
    "n_faulty": 14,
    "n_non_faulty": 1976,
    "u_statistic": 26623.0,
    "p_value": 5.311303828784372e-10,
    "effect_r": -0.9247397339502603,
    "pb_correlation": 0.20320909528323514,
    "pb_p_value": 5.434611012735022e-20,
    "cliffs_delta": 0.9247397339502602,
    "cliffs_delta_ci_lower": 0.8930333646616541,
    "cliffs_delta_ci_upper": 0.9514197151532677,
    "significant": true,
    "dimension": "Size"
  },
  "param_count": {
    "faulty_mean": 2.2857142857142856,
    "non_faulty_mean": 0.7130566801619433,
    "faulty_median": 2.0,
    "non_faulty_median": 0.0,
    "n_faulty": 14,
    "n_non_faulty": 1976,
    "u_statistic": 25106.0,
    "p_value": 4.923580194957464e-09,
    "effect_r": -0.8150665124349334,
    "pb_correlation": 0.12845883458531193,
    "pb_p_value": 8.886769938898775e-09,
    "cliffs_delta": 0.8150665124349334,
    "cliffs_delta_ci_lower": 0.7674495734528629,
    "cliffs_delta_ci_upper": 0.8682864010989011,
    "significant": true,
    "dimension": "Size"
  },
  "fan_out": {
    "faulty_mean": 6.0,
    "non_faulty_mean": 0.7550607287449392,
    "faulty_median": 4.5,
    "non_faulty_median": 0.0,
    "n_faulty": 14,
    "n_non_faulty": 1976,
    "u_statistic": 26446.5,
    "p_value": 2.105847188267162e-11,
    "effect_r": -0.9119794679005204,
    "pb_correlation": 0.2624058457392559,
    "pb_p_value": 1.0793573698613477e-32,
    "cliffs_delta": 0.9119794679005205,
    "cliffs_delta_ci_lower": 0.8233769519953731,
    "cliffs_delta_ci_upper": 0.9720241107576634,
    "significant": true,
    "dimension": "Coupling"
  },
  "fan_in": {
    "faulty_mean": 1.0,
    "non_faulty_mean": 0.5288461538461539,
    "faulty_median": 1.0,
    "non_faulty_median": 0.0,
    "n_faulty": 14,
    "n_non_faulty": 1976,
    "u_statistic": 22372.0,
    "p_value": 1.0455523283915423e-06,
    "effect_r": -0.6174089068825912,
    "pb_correlation": 0.02849177609832894,
    "pb_p_value": 0.2039205372271631,
    "cliffs_delta": 0.6174089068825911,
    "cliffs_delta_ci_lower": 0.5895622469635629,
    "cliffs_delta_ci_upper": 0.6437373481781375,
    "significant": true,
    "dimension": "Coupling"
  },
  "exception_count": {
    "faulty_mean": 0.07142857142857142,
    "non_faulty_mean": 0.012145748987854251,
    "faulty_median": 0.0,
    "non_faulty_median": 0.0,
    "n_faulty": 14,
    "n_non_faulty": 1976,
    "u_statistic": 14720.0,
    "p_value": 0.005688785691520728,
    "effect_r": -0.06419895893580096,
    "pb_correlation": 0.026670179062085297,
    "pb_p_value": 0.23435896983323878,
    "cliffs_delta": 0.06419895893580103,
    "cliffs_delta_ci_lower": -0.010121457489878543,
    "cliffs_delta_ci_upper": 0.20900990456911508,
    "significant": true,
    "dimension": "Coupling"
  },
  "external_service_calls": {
    "faulty_mean": 1.0,
    "non_faulty_mean": 0.14676113360323886,
    "faulty_median": 0.0,
    "non_faulty_median": 0.0,
    "n_faulty": 14,
    "n_non_faulty": 1976,
    "u_statistic": 14995.5,
    "p_value": 0.19820106110962776,
    "effect_r": -0.08411654135338353,
    "pb_correlation": 0.10052246681980923,
    "pb_p_value": 7.028790319326084e-06,
    "cliffs_delta": 0.08411654135338346,
    "cliffs_delta_ci_lower": -0.06732034412955464,
    "cliffs_delta_ci_upper": 0.305598431174089,
    "significant": false,
    "dimension": "Coupling"
  },
  "variable_spread": {
    "faulty_mean": 0.6890014597158582,
    "non_faulty_mean": 0.5621344199069684,
    "faulty_median": 0.7346938775510203,
    "non_faulty_median": 0.8,
    "n_faulty": 14,
    "n_non_faulty": 1976,
    "u_statistic": 12434.0,
    "p_value": 0.4935376233919079,
    "effect_r": 0.10106998264892997,
    "pb_correlation": 0.023482819487537315,
    "pb_p_value": 0.29508065159162533,
    "cliffs_delta": -0.10106998264893002,
    "cliffs_delta_ci_lower": -0.1680170980335454,
    "cliffs_delta_ci_upper": -0.030110432330827074,
    "significant": false,
    "dimension": "Cohesion"
  },
  "comment_density": {
    "faulty_mean": 0.04982321749115675,
    "non_faulty_mean": 0.02958297679298062,
    "faulty_median": 0.010638297872340425,
    "non_faulty_median": 0.0,
    "n_faulty": 14,
    "n_non_faulty": 1976,
    "u_statistic": 18432.0,
    "p_value": 0.00021748410005196071,
    "effect_r": -0.33256217466743787,
    "pb_correlation": 0.01960818804648841,
    "pb_p_value": 0.3819852449838957,
    "cliffs_delta": 0.3325621746674378,
    "cliffs_delta_ci_lower": 0.08060656448814345,
    "cliffs_delta_ci_upper": 0.5724660208212831,
    "significant": true,
    "dimension": "Cohesion"
  },
  "pagerank": {
    "faulty_mean": 0.0005228684930359396,
    "non_faulty_mean": 0.0004701844489171412,
    "faulty_median": 0.0005228684930359397,
    "non_faulty_median": 0.00036695990547305665,
    "n_faulty": 14,
    "n_non_faulty": 1976,
    "u_statistic": 22050.0,
    "p_value": 3.3192071478230616e-06,
    "effect_r": -0.5941295546558705,